VDF,capacity,VDF_Cap1,VDF_alpha1,VDF_beta1
100,2032.362125,4218.550885,0.48,4.22
101,1796.9692049812404,3555.662545304843,0.2599999999999999,4.480000000000001
